VFG019987(gb|WP_004351957)	30.159	252	1.63e-18	88.2	EMGSGTCGQVWKMRFRKTGHVIAVKQMRRS--GNKEENKRILMDLDVVLK-SHDCPYIVQCFGTFITNTDVFIAMELM--GTCAEKLKKRMQGPIPERILGKMTVAIVKALYYLKEKHGVIHRDVKPSNILLDERGQIKLCDFGISGRLVDSKAKTR---SAGCAAYMAPERIDPPDPTKPDYDIRADVWSLGISLVELATGQFPYKNCKTDFEVLTKVLQEEPPLLPGHMGFSGDFQSFVKDCLTKDHRKR	ELGEGAMATVYLATQRSLQRKVALKVMAAALAADPSFAERFLREGRTLARLSHPNTVTIHDIGN--VGSCYYMAMEYLPNGTLKERIQ---QGLDPE--LGLVYVRQVAAALGYAHSQGLVHRDVKPANILFRADGTAVLSDFGIAKSIEDNTQFTQVGFAVGTPSYMSPEQA-----RGQEIDGRADLYALGVVLYEILTGKLPY-NGKDSLSTALAHLTEPLPELPIEQ---GRYQDILRQLLAKDPAER
VFG015390(gb|WP_011064246)	30.830	253	2.06e-18	87.8	GEMGSGTCGQVWKMRFRKTGHVIAVKQMRRSGNKEEN--KRILMDLDVVLK-SHDCPYIVQCFGTFITNTDVFIAMELM--GTCAEKLKKRMQGPIPERILGKMTVAIVKALYYLKEKHGVIHRDVKPSNILLDERGQIKLCDFGISGRLVDSKAKTRSA---GCAAYMAPERIDPPDPTKPDYDIRADVWSLGISLVELATGQFPYKNCKTDFEVLTKVLQEEPPLLPGHMGFSGDFQSFVKDCLTKDHRKR	GEIGEGAMASVYLATQRSLERKVALKVMAAALAADPSFCERFLREGKTLARLSH--PHTVTIHDIGNVGELYYMAMEYLPNGTLKERIAA---GLTPEQGLTYIR-QIASALGY-AHAQGLVHRDVKPANILFRADGTAVLSDFGIAKSLDDRTQFTQAGFAVGTPSYMSPEQA-----RGQDIDGRADLYALGVVLYEILVGELPYNGTDALSTALAH-LTEPLPELPLH---HGRYQHILRKLLAKDPAER
VFG015386(gb|WP_011979125)	30.159	252	3.01e-18	87.4	EMGSGTCGQVWKMRFRKTGHVIAVKQMRRS--GNKEENKRILMDLDVVLK-SHDCPYIVQCFGTFITNTDVFIAMELM--GTCAEKLKKRMQGPIPERILGKMTVAIVKALYYLKEKHGVIHRDVKPSNILLDERGQIKLCDFGISGRLVDSKAKTR---SAGCAAYMAPERIDPPDPTKPDYDIRADVWSLGISLVELATGQFPYKNCKTDFEVLTKVLQEEPPLLPGHMGFSGDFQSFVKDCLTKDHRKR	ELGEGAMATVYLATQRSLQRKVALKVMAAALAADPSFAERFLREGRTLARLSHPNTVTIHDIGN--VGSCYYMAMEYLPNGTLKERIQ---QGLDPE--LGLAYVRQVAAALGYAHSQGLVHRDVKPANILFRADGTAVLSDFGIAKSIEDNTQFTQVGFAVGTPSYMSPEQA-----RGQEIDGRADLYALGVVLYEILTGKLPY-NGKDSLSTALAHLTEPLPELPIEQ---GRYQDILRQLLAKDPAER
VFG002060(gb|NP_248764)	29.762	252	6.58e-18	86.3	EMGSGTCGQVWKMRFRKTGHVIAVKQMRRS--GNKEENKRILMDLDVVLK-SHDCPYIVQCFGTFITNTDVFIAMELM--GTCAEKLKKRMQGPIPERILGKMTVAIVKALYYLKEKHGVIHRDVKPSNILLDERGQIKLCDFGISGRLVDSKAKTR---SAGCAAYMAPERIDPPDPTKPDYDIRADVWSLGISLVELATGQFPYKNCKTDFEVLTKVLQEEPPLLPGHMGFSGDFQSFVKDCLTKDHRKR	ELGEGAMATVYLATQRSLQRKVALKVMAAALAADPSFAERFLREGRTLARLSHPNTVTIHDIGN--VGSCYYMAMEYLPNGTLKERIQ---QGLDPEQ--GLAYVRQVAAALGYAHSQGLVHRDVKPANILFRADGTAVLSDFGIAKSIEDNTQFTQVGFAVGTPSYMSPEQA-----RGQEIDGRADLYALGVVLYEILTGKLPY-NGKDSLSTALAHLTEPLPELPIEQ---GRYQDILRQLLAKDPAER
VFG015387(gb|WP_003136961)	29.762	252	7.33e-18	86.3	EMGSGTCGQVWKMRFRKTGHVIAVKQMRRS--GNKEENKRILMDLDVVLK-SHDCPYIVQCFGTFITNTDVFIAMELM--GTCAEKLKKRMQGPIPERILGKMTVAIVKALYYLKEKHGVIHRDVKPSNILLDERGQIKLCDFGISGRLVDSKAKTR---SAGCAAYMAPERIDPPDPTKPDYDIRADVWSLGISLVELATGQFPYKNCKTDFEVLTKVLQEEPPLLPGHMGFSGDFQSFVKDCLTKDHRKR	ELGEGAMATVYLATQRSLQRKVALKVMAAALAADPSFAERFLREGRTLARLSHPNTVTIHDIGN--VGSCYYMAMEYLPNGTLKERIQ---QGLDPEQ--GLAYVRQVAAALGYAHSQGLVHRDVKPANILFRADGTAVLSDFGIAKSIEDNTQFTQVGFAVGTPSYMSPEQA-----RGQEIDGRADLYALGVVLYEILTGKLPY-NGKDSLSTALAHLTEPLPELPIEQ---GRYQDILRQLLAKDPAER
VFG019988(gb|WP_015886548)	30.153	262	1.73e-17	85.1	GEMGSGTCGQVWKMRFRKTGHVIAVKQMRRSGNKEEN--KRILMDLDVVLK-SHDCPYIVQCFGTFITNTDVFIAMELM--GTCAEKLKKRMQGPIPERILGKMTVAIVKALYYLKEKHGVIHRDVKPSNILLDERGQIKLCDFGISGRLVDSKAKTRSA---GCAAYMAPERIDPPDPTKPDYDIRADVWSLGISLVELATGQFPYKNCKTDFEVLTKVLQEEPPLLPGHMGFSGDFQSFVKDCLTKDHRKR-PKYNKLLE	GEIGEGAMASVYLATQRSLERKVALKVMAAALAADPSFCERFLREGKTLARLSH--PHTVTIHDIGNVGELYYMAMEYLPNGTLKERIAA---GLTPEQGV-TLIRQIASALGY-AHAQGLVHRDVKPANILFRADGTAVLSDFGIAKSLDDRTQFTQAGFAVGTPSYMSPEQA-----RGQEIDGRADLYALGVVLYEILVGKLPYSGTDALSTALAH-LTEPLPELPVH---HGRYQEVLRKLLAKDPAERFPDAAALLQ
VFG008410(gb|YP_005360790)	28.992	238	1.66e-15	77.8	GEMGSGTCGQVWKMRFRKTGHVIAVKQM--RRSGNKEENKRILMDLDVVLKSHDCPYIVQCFGTFITNTDVFIAMELM--GTCAEKLKKRMQGPIPERILGKMTVAIVK-ALYYLKEKH--GVIHRDVKPSNILLDERGQIKLCDFGISGRLVDSKAKTRSA---GCAAYMAPERIDPPDPTKPDYDIRADVWSLGISLVELATGQFP----------YKNCKTDFEVLTKVLQEEPP	AKIASGGTSTVYRGLDVRLDRPVALKVMDSRYAGDEQFLTRFRLEARAVARLNNRA-LVAVYDQGKDGRHPFLVMELIEGGTLRELLIER--GPMPPHAV----VAVLRPVLGGLAAAHRAGLVHRDVKPENILISDDGDVKLADFGLV-RAVAAASITSTGVILGTAAYLSPEQV-----RDGNADPRSDVYSVGVLVYELLTGHTPFTGDSALSIAYQRLDADVPRASAVIDGVPP
VFG015391(gb|WP_012018656)	27.969	261	1.98e-15	78.6	EINDLENLGEMGSGTCGQVWKMRFRKTGHVIAVKQMRRSGNKEEN--KRILMDLDVVLK-SHDCPYIVQCFGTFITNTDVFIAMELM--GTCAEKLKKRMQGPIPERILGKMTVAIVKALYYLKEKHGVIHRDVKPSNILLDERGQIKLCDFGISGRLVDSKAKTRSA---GCAAYMAPERIDPPDPTKPDYDIRADVWSLGISLVELATGQFPYKNCKTDFEVLTKVLQEEPPLLPGHMGFSGDFQSFVKDCLTKDHRKR	EIPGYEIERELGDGAMAVVYLATQRSLERKVALKVMAAALAADPSFCERFLREGKTLARLSHPNTVTIHDIGN--VGSHYYMAMEYLPNGTLKERIAAGLSAEQGIQYLRQ----IASALGY-AHAQGLVHRDVKPANILFRADGTAVLSDFGIAKSLEDRTQFTQAGFAVGTPSYMSPEQA-----RGQQVDGRTDLYALGVVLYEILTGQLPYVGADSLSTALAHLTQPLPELPIAQ----GRYQPILSRLLAKDPADR
VFG041029(gb|NP_250362)	28.507	221	3.87e-12	67.0	MGSGTCGQVWKMR------FRKTGHVIAVKQMRRSGNKEENKRILMDLDVVL-KSHDCPYIVQCFGTFITNTD---VFIAMELM-GTCAEKLKKRMQGPIPERILGKMTVAIVKALYYLKEKHGVIHRDVKPSNILLDERGQIKLCDFGI----SGRLVDSKAKTRS---AGCAAYMAPERIDPPDPTKPDYDIRADVWSLGISLVELATGQFPYKNCKTD	LGAGGMGTVYRARDLLHEQFGDPAPLVALKLLNESVAESPDASALLYSEFALTRRLRHPNVVRLF-TFDVDTACQRAYIVMELMPGLPLDRLLCERPEGLPWSELSAIARPLLDVLAYVHEQ-GVLHGDLKPSNVMLGEEG-VRLFDFGLGQAQAGILDGLPQLSRGRIDAWTPGYAAPELLE-GAPLSPA----ADLYALACVLYELADGRHPFRRLPSN
VFG015592(gb|WP_009873285)	31.690	142	4.52e-12	67.4	KHGVIHRDVKPSNILLDERGQIKLCDFGISGRLVDSKAKTRSAGCAAYMAPE--RIDPPDPTKPDYDIRADVWSLGISLVELATGQFPYKNCKTDF------EVLTKVLQEEPPLLPGHMG-FSGDFQSFVKDCLTKDHRKR	RHGVLHLDIKPENIVLSQSGEIKLIDYGLSA------WQFNHWGSPAYMSPEQSRQEPPSPA-------SDVYSLALLAYELIMGQLALGKVYVSLLPSKISKILIQALQPSPAARFSSMQEFAEALQDYLLHDVHEDYRKK
VFG002148(gb|NP_220192)	30.128	156	4.85e-12	67.4	MTVAIVKALYYLKEKHGVIHRDVKPSNILLDERGQIKLCDFGISGRLVDSKAKTRSAGCAAYMAPE--RIDPPDPTKPDYDIRADVWSLGISLVELATGQFPYKNCKTDF------EVLTKVLQEEPPLLPGHMG-FSGDFQSFVKDCLTKDHRKR	IVLQVAQAITTL-HRHGVLHLDIKPENIVLSQSGEIKLIDYGLSA------WQFNHWGSPAYMSPEQSRQEPPSPA-------SDVYSLALLAYELIMGQLALGKVYVSLLPSKISKILIQALQPSPAARFSSMQEFAEALQDYLLHDVHEDYRKK
VFG016985(gb|WP_011096785)	27.236	246	7.08e-12	67.0	VKQMRRSGNKEENKRILMDLDVVLKSHDCPYIVQCFGTFITNTDVFIAME-LMGTCAEKLKKRMQGPIPERILGKMTVAIVKALYYLKEKHGVIHRDVKPSNILLDERGQIKLCDFGISGRLVDSKAKTRSA-GCAAYMAPERIDPPDPTKPDYDIRADVWSLGISLVELATGQFPYKNCKTDF------EVLTKVLQEEPPLLPGHMG--FSGDFQSFVKDCLTKDHRKRPKYNKLLEHSFIKRY	VADTRRVHNFLKEARIIEQV-----SH--PNIVKLYQYGQCRERLYIAMEYIQGVSLRHYILTHQIPLSRAI--DIILHIGRAIEYLHSR-GILHRDIKPENILMNAQGEIKLIDFGLAVSSSTEHASHPSCLGTPAYMSPEQRQGDKVSE-----KSEIYSLGLIAYELILGNLALGKVILSLIPDRVSKILAKALQPSPQDRYGSMKEFMSHLHQYRYSQDLQQDYRNKDHTAQVNEQLYQQRF
VFG016986(gb|WP_011006012)	28.070	171	9.64e-12	66.6	PYIVQCFGTFITNTDVFIAME-LMGTCAEKLKKRMQGPIPERILGKMTVAIVKALYYLKEKHGVIHRDVKPSNILLDERGQIKLCDFGISGRLVDSKAKTRSAGCAAYMAPERIDPPDPTKPDYDIRADVWSLGISLVELATGQFPYKNCKTDF------EVLTKVLQEEP	PNIVKLYQYGQCREGLYIAMEYIQGVSLRHYILSQLIPLSRAI--DIILHIAQAIEYLHSR-GILHRDIKPENILITSQGNIKLIDFGLAISSIDKDARPLYLGTPSYMSPEQRQGDKISE-----LSEIYSLGLIAYELILGNLALGKVVLSLIPDRVSKILAKALQPSP
VFG016980(gb|WP_010229205)	29.167	144	6.03e-10	60.8	KHGVIHRDVKPSNILLDERGQIKLCDFGISGRLVDSKAKTRSAGCAAYMAPE--RIDPPDPTKPDYDIRADVWSLGISLVELATGQFPYKNCKTDF------EVLTKVLQEEPPL-LPGHMGFSGDFQSFVKDCLTKDHRKRPK	KHHVLHLDIKPENIMISRLGEVKLIDYGLSA------WQFNHWGSPAYMSPEQSRQEKLSPA-------SDVYALALLAYELIMGQLSLGKVYLSLLPVKISKVLTQALQPDPEARFPSMQEFATALQDYLMHDVHEDYRKKDR
VFG016987(gb|WP_011458511)	26.744	172	9.15e-09	57.4	PYIVQCFGTFITNTDVFIAME-LMGTCAEKLKKRMQGPIPERILGKMTVAIVKALYYLKEKHGVIHRDVKPSNILLDERGQIKLCDFGISG-RLVDSKAKTRSAGCAAYMAPERIDPPDPTKPDYDIRADVWSLGISLVELATGQFPYKNCKTDF------EVLTKVLQEEP	PNIVKLYQYGQCREGLYMAMEHIQGVSLRKYILSQLIPLSRAV--DIILQIAQALEYLHSR-GILHRDIKPENILITPQGEIKLIDFGLAASSSMANDPYPVCLGTPSYMSPEQRQGDKISE-----NSEIYSLGLIAYELILGNLALGKVILSLVPERMSKILAKALQPSP
VFG022544(gb|WP_012392663)	29.947	187	2.89e-08	55.8	IAVKQMRRSGNKEENKRILMDLDVVLKSHDCPYIVQCFGTFITNTDV------FIAMELMGTCAEKLKKRMQGPIPERILGKMTVAIVKALYYLKEKHGVIHRDVKPSNILLDERGQIKLCDFGISGRLVDSKAKTRSAGCAAYMAPERIDPPDPTKPDYDIRADVWSLGISLVELATGQFPYKNCK	VVLKGLVHSGDAEA-QAIAMAERQFLAEVVHPSIVQIF-NFVEHTDKHGDPVGYIVMEYVGGRSLKRRKGEKLPVSEAI--AYLLEILPALAYL-HALGLVYNDLKPENIMLTEE-QLKLIDLGAVSRI---NSFGYLYGTPGFQAPEIVR----TGP--TVATDIYTVGRTLAAL-TLNLPTRNGR
VFG008398(gb|WP_015354395)	29.947	187	2.95e-08	55.8	IAVKQMRRSGNKEENKRILMDLDVVLKSHDCPYIVQCFGTFITNTDV------FIAMELMGTCAEKLKKRMQGPIPERILGKMTVAIVKALYYLKEKHGVIHRDVKPSNILLDERGQIKLCDFGISGRLVDSKAKTRSAGCAAYMAPERIDPPDPTKPDYDIRADVWSLGISLVELATGQFPYKNCK	VVLKGLVHSGDAEA-QAIAMAERQFLAEVVHPSIVQIF-NFVEHTDKHGDPVGYIVMEYVGGRSLKRRKGEKLPVSEAI--AYLLEILPALAYL-HALGLVYNDLKPENIMLTEE-QLKLIDLGAVSRI---NSFGYLYGTPGFQAPEIVR----TGP--TVATDIYTVGRTLAAL-TLNLPTRNGR
VFG041279(gb|WP_010947212)	39.785	93	7.42e-08	54.3	KMTVAIVKALY-YLKEKHGVIHRDVKPSNILLDERGQ---IKLCDFGISGRLVDSKAKTRSAGCAAYMAPERIDPPDPTKPDYDIRADVWSLG	EITFAILKAIKEQVTDKH-LIHRDIKPGNIIIDFSKSPPIAKVIDFGFVLRA--SEQDYRRCGTRAYRAPESFN----TQALYTAKADVWSTG
VFG008236(gb|WP_071497591)	29.947	187	1.14e-07	53.9	IAVKQMRRSGNKEENKRILMDLDVVLKSHDCPYIVQCFGTFITNTDV------FIAMELMGTCAEKLKKRMQGPIPERILGKMTVAIVKALYYLKEKHGVIHRDVKPSNILLDERGQIKLCDFGISGRLVDSKAKTRSAGCAAYMAPERIDPPDPTKPDYDIRADVWSLGISLVELATGQFPYKNCK	VVLKGLVHSGDAEA-QAIAMAERQFLAEVVHPSIVQIF-NFVEHTDKHGDPVGYIVMEYVGGRSLKRRKGEKLPVSEAI--AYLLEILPALAYL-HALGLVYNDLKPENIMLTEE-QLKLIDLGAVSRINSFGYLYVTPG---FQAPEIVR----TGP--TVATDIYTVGRTLAAL-TLNLPTRNGR
VFG008396(gb|WP_015289020)	31.410	156	1.19e-07	53.9	PYIVQCFGTFITNTD------VFIAMELMGTCAEKLKKRMQGPIPERILGKMTVAIVKALYYLKEKHGVIHRDVKPSNILLDERGQIKLCDFGISGRLVDSKAKTRSAGCAAYMAPERIDPPDPTKPDYDIRADVWSLGISLVELATGQFPYKNCK	PSIVQIF-NFVEHTDRHGDPVGYIVMEYVGGQSLKRSKGQKLPVAEAI--AYLLEILPALSYLHSI-GLVYNDLKPENIMLTEE-QLKLIDLGAVSRI---NSFGYLYGTPGFQAPEIVR----TGP--TVATDIYTVGRTLAAL-TLDLPTRNGR
VFG008228(gb|NP_214924)	31.410	156	1.20e-07	53.9	PYIVQCFGTFITNTD------VFIAMELMGTCAEKLKKRMQGPIPERILGKMTVAIVKALYYLKEKHGVIHRDVKPSNILLDERGQIKLCDFGISGRLVDSKAKTRSAGCAAYMAPERIDPPDPTKPDYDIRADVWSLGISLVELATGQFPYKNCK	PSIVQIF-NFVEHTDRHGDPVGYIVMEYVGGQSLKRSKGQKLPVAEAI--AYLLEILPALSYLHSI-GLVYNDLKPENIMLTEE-QLKLIDLGAVSRI---NSFGYLYGTPGFQAPEIVR----TGP--TVATDIYTVGRTLAAL-TLDLPTRNGR
VFG008397(gb|WP_015292139)	31.410	156	1.22e-07	53.9	PYIVQCFGTFITNTD------VFIAMELMGTCAEKLKKRMQGPIPERILGKMTVAIVKALYYLKEKHGVIHRDVKPSNILLDERGQIKLCDFGISGRLVDSKAKTRSAGCAAYMAPERIDPPDPTKPDYDIRADVWSLGISLVELATGQFPYKNCK	PSIVQIF-NFVEHTDRHGDPVGYIVMEYVGGQSLKRSKGQKLPVAEAI--AYLLEILPALSYLHSI-GLVYNDLKPENIMLTEE-QLKLIDLGAVSRI---NSFGYLYGTPGFQAPEIVR----TGP--TVATDIYTVGRTLAAL-TLDLPTRNGR
VFG022546(gb|WP_003910120)	31.410	156	1.28e-07	53.9	PYIVQCFGTFITNTD------VFIAMELMGTCAEKLKKRMQGPIPERILGKMTVAIVKALYYLKEKHGVIHRDVKPSNILLDERGQIKLCDFGISGRLVDSKAKTRSAGCAAYMAPERIDPPDPTKPDYDIRADVWSLGISLVELATGQFPYKNCK	PSIVQIF-NFVEHTDRHGDPVGYIVMEYVGGQSLKRSKGQKLPVAEAI--AYLLEILPALSYLHSI-GLVYNDLKPENIMLTEE-QLKLIDLGAVSRI---NSFGYLYGTPGFQAPEIVR----TGP--TVATDIYTVGRTLAAL-TLDLPTRNGR
VFG008395(gb|WP_014000216)	31.410	156	1.31e-07	53.9	PYIVQCFGTFITNTD------VFIAMELMGTCAEKLKKRMQGPIPERILGKMTVAIVKALYYLKEKHGVIHRDVKPSNILLDERGQIKLCDFGISGRLVDSKAKTRSAGCAAYMAPERIDPPDPTKPDYDIRADVWSLGISLVELATGQFPYKNCK	PSIVQIF-NFVEHTDRHGDPVGYIVMEYVGGQSLKRSKGQKLPVAEAI--AYLLEILPALSYLHSI-GLVYNDLKPENIMLTEE-QLKLIDLGAVSRI---NSFGYLYGTPGFQAPEIVR----TGP--TVATDIYTVGRTLAAL-TLDLPTRNGR
VFG016981(gb|WP_010883341)	26.415	212	2.59e-07	52.8	VFIAMELM-GTCAEKLKKRMQGPIPERILGKMTVAIVKALYYLKEKHGVIHRDVKPSNILLDERGQIKLCDFGISGRLVDSKAKTRSAGCAAYMAPERIDPPDPTKPDYDIRADVWSLGISLVELATGQFPYKNCKTDF------EVLTKVLQEEPPLLPG----------HMGFSGDFQSFVKDCLTKDHRKRPKYNKLLEHSFIKRYETL	LYIAMEYIEGISLREYILAQFISLPQAI--DIIFDIAQALEHLHSRN-ILHKDIKPENILITPQGKIKLIDFG----LADWDTEIQRAHPSVIGTPYYMSPEQRQGESHSPASDIYALGLLAYELILGHLSLGRVFLSLVPERISKILAKALQPSPNNRYSSTREFIQDIHHYRMSGDMQ---EDLRIKDH-TVALYEQLQTQRFWLAPETL
VFG008407(gb|YP_007956600)	31.410	156	2.71e-07	52.8	PYIVQCFGTFITNTD------VFIAMELMGTCAEKLKKRMQGPIPERILGKMTVAIVKALYYLKEKHGVIHRDVKPSNILLDERGQIKLCDFGISGRLVDSKAKTRSAGCAAYMAPERIDPPDPTKPDYDIRADVWSLGISLVELATGQFPYKNCK	PSIVQIF-NFVEHTDRHGDPVGYIVMEYVGGQSLKRSKGQKLPVAEAI--AYLLEILPALSYL-HSIGXVYNDLKPENIMLTEE-QLKLIDLGAVSRI---NSFGYLYGTPGFQAPEIVR----TGP--TVATDIYTVGRTLAAL-TLDLPTRNGR
VFG016984(gb|WP_011126209)	26.415	212	2.85e-07	52.4	VFIAMELM-GTCAEKLKKRMQGPIPERILGKMTVAIVKALYYLKEKHGVIHRDVKPSNILLDERGQIKLCDFGISGRLVDSKAKTRSAGCAAYMAPERIDPPDPTKPDYDIRADVWSLGISLVELATGQFPYKNCKTDF------EVLTKVLQEEPPLLPG----------HMGFSGDFQSFVKDCLTKDHRKRPKYNKLLEHSFIKRYETL	LYIAMEYIEGISLREYILAQFISLPQAI--DIIFDIAQALEHLHSRN-ILHKDIKPENILITPQGKIKLIDFG----LADWDTEIQRAHPSVIGTPYYMSPEQRQGESHSPASDIYALGLLAYELILGHLSLGRVFLSLVPERISKILAKALQPSPNNRYSSTREFIQDIHHYRMSGDMQ---EDLRIKDH-TVALYEQLQTQRFWLAPETL
